{
  "dice_mean": 0.6843284918202295,
  "dice_std": 0.2596310163070502,
  "calibration": {
    "ece": 0.5181200168693102,
    "brier_score": 0.2757486280852162
  },
  "uncertainty_stats": {
    "mean": 0.0004356038698460907,
    "std": 0.00411381758749485,
    "median": 2.7568474170180934e-09,
    "max": 0.18548375368118286
  }
}